step,epoch,lr,train_loss,valid_loss,optimisation_seconds
500,0,9.9955010103242e-05,0.5614224243164062,,134.60612891695928
1000,0,9.991004044739211e-05,0.5441569213867188,,185.69610691687558
1495,0,9.98655404174669e-05,0.40074789644491793,0.2051820119222005,236.26912033278495
1500,0,9.986509102334395e-05,0.3243192434310913,,236.93262004072312
2000,0,9.982016182199526e-05,0.3216946411132813,,294.85439283272717
2500,0,9.977525283424788e-05,0.27565151977539065,,350.4209780826932
2990,0,9.973126162872716e-05,0.2307777249083227,0.33848002115885417,411.850147582707
3000,0,9.973036405100772e-05,0.4397517204284668,,419.1270620826399
3500,0,9.96854954631848e-05,0.23758694458007812,,496.34595641563646
4000,0,9.964064706169321e-05,0.18420448303222656,,567.9779947067145
4485,0,9.959716339068618e-05,0.19480041818520458,0.11537513732910157,837.6311840397539
4500,0,9.959581883745114e-05,0.1485997994740804,,839.8777084978065
5000,0,9.95510107813809e-05,0.17874295043945312,,909.9807959138416
5500,0,9.950622288440881e-05,0.24116770935058593,,1062.5511142468313
5980,0,9.946324546057626e-05,0.14711195627848309,0.09505802790323893,1215.34393662191
6000,0,9.946145513746532e-05,0.13526206016540526,,1223.1271847469034
6500,0,9.941670753148498e-05,0.144431396484375,,1301.3445121638943
7000,0,9.937198005740636e-05,0.1144244384765625,,1371.9929813309573
7475,0,9.932950759595608e-05,0.18609797427528782,0.07957918802897135,1438.6991649138508
7500,0,9.932727270617214e-05,0.12187195777893066,,1442.5959404138848
8000,0,9.928258546872911e-05,0.22466300964355468,,1580.7222688718466
8500,0,9.923791833602804e-05,0.18501663208007812,,2918.329021787853
8970,0,9.919594955471038e-05,0.11734852892287234,0.06478612899780273,3206.7476906209486
9000,0,9.919327129902388e-05,0.10310920079549153,,3210.2288358289516
9500,0,9.914864434867556e-05,0.14607986450195312,,3261.2567822459387
10000,0,9.910403747594614e-05,0.10883458709716796,,3314.480276245973
10465,0,9.906257109504936e-05,0.09981817430065525,0.05311645825703939,3370.084639870911
10500,0,9.905945067180271e-05,0.11993624823434013,,3381.872305245837
11000,0,9.901488392721641e-05,0.10610792541503906,,3439.4503042459255
11500,0,9.897033723316252e-05,0.15987310791015624,,3501.3960343709914
11960,0,9.892937197550841e-05,0.1037126292353091,0.07738669713338216,3611.088868953986
