run,processor_size,seed,parameters,steps,final_train_loss,final_valid_loss,train_seconds,optimisation_seconds,steps_per_second,peak_train_memory_mb,one_step_rel_l2_velocity,one_step_rel_l2_velocity_increment,one_step_rel_l2_pressure,one_step_rmse_velocity,one_step_rmse_pressure,rollout_mean_rel_l2_velocity_window,rollout_mean_rel_l2_pressure_window,rollout_mean_lagmin_rel_l2_velocity_window,rollout_mean_rel_l2_velocity_all,rollout_mean_rel_l2_pressure_all,trajectories_with_velocity_error_above_1,trajectories_with_nonfinite_error,rollout_ms_per_step,rollout_rel_l2_velocity_h1,rollout_rel_l2_pressure_h1,rollout_rel_l2_vorticity_h1,rollout_lagmin_rel_l2_velocity_h1,rollout_kinetic_energy_rel_error_h1,rollout_rel_l2_velocity_h10,rollout_rel_l2_pressure_h10,rollout_rel_l2_vorticity_h10,rollout_lagmin_rel_l2_velocity_h10,rollout_kinetic_energy_rel_error_h10,rollout_rel_l2_velocity_h50,rollout_rel_l2_pressure_h50,rollout_rel_l2_vorticity_h50,rollout_lagmin_rel_l2_velocity_h50,rollout_kinetic_energy_rel_error_h50,rollout_rel_l2_velocity_h100,rollout_rel_l2_pressure_h100,rollout_rel_l2_vorticity_h100,rollout_lagmin_rel_l2_velocity_h100,rollout_kinetic_energy_rel_error_h100,rollout_rel_l2_velocity_h200,rollout_rel_l2_pressure_h200,rollout_rel_l2_vorticity_h200,rollout_lagmin_rel_l2_velocity_h200,rollout_kinetic_energy_rel_error_h200,rollout_rel_l2_velocity_h299,rollout_rel_l2_pressure_h299,rollout_rel_l2_vorticity_h299,rollout_lagmin_rel_l2_velocity_h299,rollout_kinetic_energy_rel_error_h299,rollout_rel_l2_velocity_h450,rollout_rel_l2_pressure_h450,rollout_rel_l2_vorticity_h450,rollout_lagmin_rel_l2_velocity_h450,rollout_kinetic_energy_rel_error_h450,rollout_rel_l2_velocity_h599,rollout_rel_l2_pressure_h599,rollout_rel_l2_vorticity_h599,rollout_lagmin_rel_l2_velocity_h599,rollout_kinetic_energy_rel_error_h599
mp05_seed0,5,0,845059,11960,0.11147281812584918,0.06426465352376302,2031.9325396250933,1950.162122041569,6.132823453405718,,0.011345715001632858,0.5545153559674426,0.48706916785015986,0.009418091771688744,0.11248022990393404,0.35482650637114277,0.8560040557714148,0.34422065766678134,0.5625239459714576,1.148972327213567,3,0,73.64350811785121,0.022421864229238874,0.7323441393131932,0.11157062985612413,0.022421864229238874,0.014162385155517158,0.07555716269391419,0.4627404598253995,0.18920175431847525,0.06460845371511845,0.05090619935001404,0.16008125675379886,0.5174048378864639,0.29318531612888576,0.13968370406120625,0.04385401048320574,0.2550789388936945,0.6791042272390934,0.41374218676817864,0.24127926700603952,0.10820063779435307,0.45881798597561163,1.0160095188758445,0.6657060935420043,0.4532903552796609,0.4054107109357682,0.6300776804728667,1.3249950954937815,0.8776189026426007,0.6273136898658426,0.8347597742462494,0.7905280171416351,1.4994766352064646,1.115097186045767,0.7891707370519482,1.2945990893364736,0.821314930829875,1.43379690192876,1.3428198918590604,0.8198939435083403,1.4361607088291701
mp10_seed0,10,0,1588739,11960,0.09876095315684442,0.052268600463867186,3169.2471877919743,3064.4462327526417,3.9028258587708744,,0.010827842390400808,0.5427919852925954,0.39839933831023977,0.009142350924190891,0.09664314800438965,0.291287116733819,0.6258774228203169,0.27848422568454534,0.3887460961179219,0.7135040281114228,1,0,109.18086168578964,0.025596035697660613,0.6417608737789532,0.14608512572122173,0.025596035697660613,0.009710834825686791,0.07495581662098624,0.42195807789366996,0.21091527194112056,0.05919301576341922,0.05012328271880828,0.1825467324440132,0.5309947897176247,0.3135173405938344,0.14961225598684408,0.12767912152031005,0.2527716250795383,0.6479580296508927,0.39258095064953136,0.2340238560025309,0.2191461321136592,0.36150613958494177,0.6445064851257541,0.515886718155934,0.35623743659036505,0.4184266735434453,0.42445310682991744,0.7267286968983471,0.5786355977216628,0.42216749018766364,0.5653580849854386,0.4948872517158679,0.8025991807671179,0.6751662096967588,0.49355477549688265,0.7411074029766822,0.5203935621873736,0.876080622238214,0.7238247362327032,0.518512209751135,0.8298563223302919
mp15_seed0,15,0,2332419,11960,0.0942498663197393,0.04950954119364421,2912.906732750009,2813.6865061245626,4.250651227123782,,0.010450061382253715,0.5219492148027411,0.3595659657531,0.008918867577182224,0.092438707646897,0.42336793360300423,0.7158397171602491,0.41024879518762025,0.5794196713362961,0.9212120445260543,2,0,176.29291899018347,0.020674285075547968,0.560066945795203,0.09521668805609515,0.020674285075547968,0.009419956119729664,0.06886095066050844,0.40516892904654533,0.1916917198170436,0.05651826524807409,0.03097372004321337,0.18874384528231034,0.5500027165183107,0.35869242589270073,0.16250503802301103,0.06979039936623252,0.35391905192434164,0.6683569487612332,0.5535285486861901,0.3331484838394586,0.15317179105291034,0.5545354561878617,0.7897152617395485,0.7731288717434224,0.5482691025597555,0.3707790958740255,0.6523073031331974,0.9749054461386588,0.8737737680077127,0.6486113347888183,0.5690222867197814,0.7390985609805567,1.1453918743513787,0.9401469751899201,0.7375668076211211,0.934873879053594,0.7999583154102783,1.2852793317800857,1.0110729872045359,0.7991426145456739,1.1480395371505012
mp05_seed1,5,1,845059,11960,0.1276346787162449,0.07569496790568034,979.7888455829816,941.9901824978879,12.696522981041596,,0.012722734876031103,0.5948423890183014,0.49587367525041004,0.010439204385198981,0.12559384572196924,0.815067528746199,1.3914485479990812,0.8102948646635776,1.3018300927769668,2.121514789416105,8,0,16.735565671809983,0.02113383722987901,0.7630304718405952,0.11608409808384663,0.02113383722987901,0.0053548855661149945,0.07492161275194996,0.5115114426120083,0.18907985313803638,0.06842978570577046,0.02949144124285702,0.26745663981301193,0.6827823937574553,0.43922825652581166,0.25724774635415204,0.3164747844876155,0.5536404813552648,0.9480755476580368,0.7347103770668068,0.5480845295322887,0.8825801551828315,1.1187623380262584,1.5801619511050893,1.2151874388515704,1.1164469684419684,2.5568776517360403,1.4896164330405555,2.64114743428067,1.8022714657196666,1.4878187904266456,4.197037235215628,1.7991598649215905,2.9395318588904216,2.0178855225330468,1.7978531322226154,6.621587173837146,2.04101544384522,2.9332647476071414,2.1589762930053173,2.038113103560015,9.014895659036728
mp10_seed1,10,1,1588739,11960,0.10997499383014181,0.07699691772460937,1753.4938367080176,1687.9890584590612,7.085353983821493,,0.012198870317875784,0.5916125616494712,0.5205198600751192,0.010637581434759992,0.11924948010380486,0.6376663241928082,1.5997506358274105,0.6305324780160497,0.9327235308927955,2.122143865672632,7,0,29.782218558776762,0.020772527438029147,0.6722629879894843,0.1024225427444884,0.020772527438029147,0.012281039305169352,0.07097895292354162,0.5364535144810627,0.19379712010119762,0.06588882167097122,0.018291490277172348,0.2690719123716551,0.7752363598728256,0.4253331390452589,0.2606299514780992,0.17866354917072597,0.5283244035180894,1.420992257400252,0.7345596543174425,0.5196867417514005,0.5268099537961071,0.8400915408027071,1.9690916407887005,1.3536956954075339,0.8349689916880306,1.2136934375947361,1.0225236524529362,2.4093569982783802,2.0264372811822495,1.018028172073706,1.702936640094001,1.218215415830135,2.60526053972463,3.1459645150247533,1.2138072983367132,1.9990899555840138,1.4699995552281933,3.044179189692767,4.524287664621665,1.4691724658497134,2.543179658772611
mp15_seed1,15,1,2332419,11960,0.1037126292353091,0.07738669713338216,3697.629600291024,3611.088868953986,3.3120203999477917,,0.012203325898508538,0.585877483751088,0.4019505622690475,0.010649214619253751,0.10338599921446745,0.8432782682909025,1.6673123566042698,0.8364762798236617,1.7046148340160023,3.4358335414551164,10,0,42.778180495160285,0.02167395546952763,0.6240650329659513,0.10785124472750603,0.02167395546952763,0.0037057374824680162,0.10058059767859888,0.4090937624420639,0.3574982642896703,0.08894430972160952,0.07764417549737912,0.33884562318521866,0.6236224345450443,0.715200490618723,0.32595244097510123,0.5102502226301668,0.608075949558225,0.9086152279355577,1.084853030421094,0.6014230725190294,1.1427699753643594,1.0868991969040078,2.100145240887117,1.7191583265936878,1.0837469304171639,2.655485623310343,1.6149434837889654,3.938103698293952,2.896185377394771,1.6098110079927626,4.832592175731577,2.556747901818952,5.316094721213019,6.946423647550324,2.5512679189250056,11.023555726318786,3.528463449255753,6.302619184064646,12.092535562929287,3.526963405145189,20.824262401237295
mp05_seed2,5,2,845059,11960,0.14281199911366338,0.06691286087036133,2064.7619981670287,1989.4475901633268,6.011719061680899,,0.011880171433822667,0.5931490323387552,0.4822666849352939,0.01016968117624734,0.11371291501905612,0.7029678312180806,0.9930348451410762,0.6926672921116507,1.2381354533212618,1.3274175160964428,9,0,16.72174132552281,0.037456656859394366,0.7475776540776378,0.2554980249588465,0.037456656859394366,0.0009480707983953943,0.10575611452827789,0.48102927182830274,0.4407785268674574,0.07766732216703776,0.03994192750816424,0.2667118042121223,0.605488534408414,0.48680190672470813,0.24646866068734355,0.23849298645706293,0.4930552937408411,0.8140090783261,0.6937176981430618,0.4781782679515264,0.5661678401975185,0.9153473708991701,1.1784294134804632,0.9516840876684121,0.912773812951953,1.936158858674967,1.345451374646775,1.5027103508550557,1.1480525414175176,1.3423208466257686,3.9632994182099894,1.7943257582107481,1.634036830137719,1.3912254467278324,1.791358459365891,6.33617785315103,2.092692642885454,1.9027600774407467,1.742082525519684,2.0901347748839543,8.12350945189289
mp10_seed2,10,2,1588739,11960,0.13484622291896653,0.06493209838867188,3382.7483772920677,3274.3131842524745,3.6526744165831735,,0.011482930900749927,0.5880023952790604,0.41670185578048224,0.01019958053824694,0.10044586105813745,0.5229349775247483,1.4820372398372395,0.5116740720409905,0.9352458073482083,2.647561580677114,9,0,29.90208703385921,0.03859692285425551,0.6381331959313796,0.26606687616036306,0.03859692285425551,0.005120357020433446,0.10414625140496621,0.583678044294739,0.4989528791084615,0.07353759317471587,0.03606801391478745,0.23549393054994144,0.6140070167029487,0.47420705486850645,0.20976822952268556,0.1006843965956166,0.3787527611775025,0.8088318590367756,0.6293667215164676,0.36509794243617116,0.16814995936940874,0.6685398050570224,1.6060977456947765,0.930353750527688,0.6639456112767551,0.34888147541156367,0.9574417784095715,3.5933708550528416,1.2307997309365857,0.9537785552534361,1.0233078624889864,1.3593871618784843,3.828902873600027,2.077977761195945,1.3564981119153354,3.061464779051252,1.7489064618971846,4.077985140922761,3.347214445735424,1.747465039893953,4.864592556047002
mp15_seed2,15,2,2332419,11960,0.11185289465862772,0.05095225652058919,2639.658995207981,2553.5089968770044,4.683750875609733,,0.010972532830729092,0.5414934168673128,0.3822807656255747,0.00947776805738289,0.09536943066175581,0.4508686618025325,0.8054397733072973,0.439835060256514,0.6036955803968798,0.9931367494653752,3,0,42.831877128762166,0.026230277288450853,0.6021546381857464,0.16259002443250348,0.026230277288450853,0.002167236268921381,0.0764053169303121,0.4125490090573439,0.22881013287449514,0.06154824580247644,0.03638307289718565,0.22435740556445452,0.5437704767735869,0.38536394499626253,0.20279619888762634,0.15018661213927026,0.3876229987204296,0.7636133041412669,0.6085896322463995,0.36887624743875813,0.2594210759631256,0.590851724416868,0.906117983081945,0.8605496950966351,0.5860947722261437,0.6015866528001487,0.6613962906152631,1.0771675683295594,0.9028172458177117,0.6594038144515183,0.7349201504889037,0.7678701604136265,1.2510714861925702,1.0175528797773317,0.7634655695385156,1.1416069978749857,0.8327712471768083,1.198289196717962,1.0164639721399373,0.8303252983440718,1.6343294921669524
